{
    "Letter": {
        "vanilla": "7a85f865-369b-4af8-8a24-7ed0f27c5424.vanilla", 
        "ngram": true, 
        "added": "7a85f865-369b-4af8-8a24-7ed0f27c5424.added", 
        "pruningThresholds": [], 
        "order": 3
    }, 
    "Animal": {
        "vanilla": "ba45b497-b736-4e61-a413-d0e0306ce50b.vanilla", 
        "ngram": true, 
        "added": "ba45b497-b736-4e61-a413-d0e0306ce50b.added", 
        "pruningThresholds": [], 
        "order": 3
    }, 
    "Jeu": {
        "vanilla": "e4073a4b-b007-4673-bc26-6ff5b6bb5202.vanilla", 
        "ngram": true, 
        "added": "e4073a4b-b007-4673-bc26-6ff5b6bb5202.added", 
        "pruningThresholds": [], 
        "order": 3
    }
}