{
    "Letter": {
        "vanilla": "d7a6be99-35f6-499d-8d58-265d05a346c6.vanilla", 
        "ngram": true, 
        "added": "d7a6be99-35f6-499d-8d58-265d05a346c6.added", 
        "pruningThresholds": [], 
        "order": 3
    }, 
    "Animal": {
        "vanilla": "cb75d25f-4b3b-4091-a290-ba23eb69252b.vanilla", 
        "ngram": true, 
        "added": "cb75d25f-4b3b-4091-a290-ba23eb69252b.added", 
        "pruningThresholds": [], 
        "order": 3
    }, 
    "Jeu": {
        "vanilla": "17565768-bf31-4ab2-9dbf-dd69fd989418.vanilla", 
        "ngram": true, 
        "added": "17565768-bf31-4ab2-9dbf-dd69fd989418.added", 
        "pruningThresholds": [], 
        "order": 3
    }
}