{
  "id" : "proj_BydP3xXg8eo",
  "name" : "Homie Box English",
  "intents" : [ {
    "id" : "MagicBoxEi2i:get_letter",
    "type" : "registry",
    "version" : "0.2.0",
    "language" : "en",
    "slots" : [ {
      "name" : "next",
      "id" : "vyfwaw1Je",
      "entityId" : "entity_0ww2BrP9gN0",
      "missingQuestion" : "",
      "required" : false
    } ],
    "name" : "get_letter",
    "enabledByDefault" : true
  }, {
    "id" : "MagicBoxEi2i:open_game",
    "type" : "registry",
    "version" : "0.2.0",
    "language" : "en",
    "slots" : [ {
      "name" : "game",
      "id" : "yf6Dxzrbr",
      "entityId" : "entity_z6XqM99pBDK",
      "missingQuestion" : "",
      "required" : false
    } ],
    "name" : "open_game",
    "enabledByDefault" : true
  } ],
  "createdAt" : "2019-05-07T20:31:11.475Z",
  "language" : "en",
  "version" : {
    "nluModel" : "0.19.0"
  },
  "platform" : {
    "type" : "raspberrypi"
  },
  "asr" : {
    "type" : "snips"
  },
  "analyticsEnabled" : true,
  "heartbeatEnabled" : true,
  "hotword" : "hey_snips"
}