{
  "config": {
    "ignore_stop_words": true,
    "max_pattern_length": 1000,
    "max_queries": 500,
    "unit_name": "deterministic_intent_parser"
  },
  "group_names_to_slot_names": {
    "group0": "Animal",
    "group1": "Jeu",
    "group2": "Letter"
  },
  "language_code": "fr",
  "patterns": {
    "MagicBoxEi2i:Ouvrejeu": [
      "^\\s*parlons\\s*(?P<group1>%JEU%)\\s*$",
      "^\\s*apprenons\\s*(?P<group1>%JEU%)\\s*$",
      "^\\s*allume\\s*(?P<group1>%JEU%)\\s*$",
      "^\\s*d\u00e9marrons\\s*(?P<group1>%JEU%)\\s*$",
      "^\\s*commences\\s*(?P<group1>%JEU%)\\s*$",
      "^\\s*est\\s*parti\\s*pour\\s*(?P<group1>%JEU%)\\s*$",
      "^\\s*jouons\\s*(?P<group1>%JEU%)\\s*$",
      "^\\s*d\u00e9marre\\s*(?P<group1>%JEU%)\\s*$",
      "^\\s*joue\\s*(?P<group1>%JEU%)\\s*$",
      "^\\s*demarre\\s*partie\\s*(?P<group1>%JEU%)\\s*$",
      "^\\s*ouvre\\s*jeu\\s*(?P<group1>%JEU%)\\s*$"
    ],
    "MagicBoxEi2i:quelAnimal": [
      "^\\s*\u00e7a\\s*doit\\s*\u00eatre\\s*(?P<group0>%ANIMAL%)\\s*$",
      "^\\s*je\\s*pense\\s*que\\s*est\\s*(?P<group0>%ANIMAL%)\\s*$",
      "^\\s*(?P<group0>%ANIMAL%)\\s*$",
      "^\\s*il\\s*agit\\s*(?P<group0>%ANIMAL%)\\s*$",
      "^\\s*est\\s*(?P<group0>%ANIMAL%)\\s*$"
    ],
    "MagicBoxEi2i:quelleLettre": [
      "^\\s*peut\\s*\u00eatre\\s*(?P<group2>%LETTER%)\\s*$",
      "^\\s*premi\u00e8re\\s*lettre\\s*est\\s*(?P<group2>%LETTER%)\\s*$",
      "^\\s*r\u00e9ponse\\s*(?P<group2>%LETTER%)\\s*$",
      "^\\s*lettre\\s*(?P<group2>%LETTER%)\\s*$",
      "^\\s*(?P<group2>%LETTER%)\\s*$",
      "^\\s*est\\s*ce\\s*(?P<group2>%LETTER%)\\s*$"
    ]
  },
  "slot_names_to_entities": {
    "MagicBoxEi2i:Ouvrejeu": {
      "Jeu": "Jeu"
    },
    "MagicBoxEi2i:quelAnimal": {
      "Animal": "Animal"
    },
    "MagicBoxEi2i:quelleLettre": {
      "Letter": "Letter"
    }
  },
  "stop_words_whitelist": {
    "MagicBoxEi2i:quelleLettre": [
      "a",
      "au",
      "c",
      "ce",
      "d",
      "de",
      "j",
      "l",
      "m",
      "s",
      "y"
    ]
  }
}