{
  "config": {
    "ignore_stop_words": true,
    "max_pattern_length": 1000,
    "max_queries": 500,
    "unit_name": "deterministic_intent_parser"
  },
  "group_names_to_slot_names": {
    "group0": "game"
  },
  "language_code": "en",
  "patterns": {
    "MagicBoxEi2i:open_game": [
      "^\\s*let\\s*s\\s*go\\s*for\\s*(?P<group0>%GAME%)\\s*$",
      "^\\s*start\\s*new\\s*(?P<group0>%GAME%)\\s*game\\s*$",
      "^\\s*start\\s*(?P<group0>%GAME%)\\s*game\\s*$",
      "^\\s*play\\s*(?P<group0>%GAME%)\\s*$",
      "^\\s*let\\s*s\\s*play\\s*(?P<group0>%GAME%)\\s*$"
    ]
  },
  "slot_names_to_entities": {
    "MagicBoxEi2i:open_game": {
      "game": "Game"
    }
  },
  "stop_words_whitelist": {}
}