{
  "coeffs": [
    [
      -0.11875271029067558,
      -0.412088319114635,
      -0.6307191781543033,
      -0.8204102292302964,
      -2.566895791890636,
      -1.1789769728451476,
      -0.5744253400560438,
      -0.3747624542057401,
      -0.668483647135748,
      -1.1608945395218202,
      -0.3747624542057401,
      -0.7876389732299166,
      -1.4010422063354278,
      -0.48054757061891734,
      -1.1608945395218202,
      -1.1789769728451476,
      -0.5095222791490402,
      -0.3231331060531187,
      -0.5095222791490402,
      2.6448634440771084
    ]
  ],
  "config": {
    "data_augmentation_config": {
      "add_builtin_entities_examples": false,
      "max_unknown_words": 5,
      "min_utterances": 20,
      "noise_factor": 5,
      "unknown_word_prob": 0.5,
      "unknown_words_replacement_string": "unknownword"
    },
    "featurizer_config": {
      "added_cooccurrence_feature_ratio": 0,
      "cooccurrence_vectorizer_config": {
        "filter_stop_words": true,
        "keep_order": true,
        "unit_name": "cooccurrence_vectorizer",
        "unknown_words_replacement_string": "unknownword",
        "window_size": 5
      },
      "pvalue_threshold": 0.4,
      "tfidf_vectorizer_config": {
        "unit_name": "tfidf_vectorizer",
        "use_stemming": false,
        "word_clusters_name": null
      },
      "unit_name": "featurizer"
    },
    "random_seed": null,
    "unit_name": "log_reg_intent_classifier"
  },
  "featurizer": "featurizer",
  "intent_list": [
    "MagicBoxEi2i:open_game",
    null
  ],
  "intercept": [
    -0.10887688270624629
  ],
  "t_": 601.0
}