{
  "id" : "proj_KpY4V0NEag",
  "name" : "Homie Box",
  "intents" : [ {
    "id" : "MagicBoxEi2i:Ouvrejeu",
    "type" : "registry",
    "version" : "1.2.0",
    "language" : "fr",
    "slots" : [ {
      "name" : "Jeu",
      "id" : "rjWi-BDsd",
      "entityId" : "entity_b9rDyrdgNNe",
      "missingQuestion" : "",
      "required" : false,
      "description" : "Nom du jeu"
    } ],
    "name" : "Ouvrejeu",
    "enabledByDefault" : true
  }, {
    "id" : "MagicBoxEi2i:quelAnimal",
    "type" : "registry",
    "version" : "0.4.0",
    "language" : "fr",
    "slots" : [ {
      "name" : "Animal",
      "id" : "3v6FM58xi",
      "entityId" : "entity_y8gN2p3NaXr",
      "missingQuestion" : "",
      "required" : false
    } ],
    "name" : "quelAnimal",
    "enabledByDefault" : true
  }, {
    "id" : "MagicBoxEi2i:quelleLettre",
    "type" : "registry",
    "version" : "1.2.0",
    "language" : "fr",
    "slots" : [ {
      "name" : "Letter",
      "id" : "mqmfEz_cN",
      "entityId" : "entity_d73PMlKxeEO",
      "missingQuestion" : "",
      "required" : false
    } ],
    "name" : "quelleLettre",
    "enabledByDefault" : true
  } ],
  "createdAt" : "2019-03-06T16:17:00.755Z",
  "language" : "fr",
  "version" : {
    "nluModel" : "0.19.0"
  },
  "platform" : {
    "type" : "raspberrypi"
  },
  "asr" : {
    "type" : "snips"
  },
  "analyticsEnabled" : true,
  "heartbeatEnabled" : true,
  "hotword" : "hey_snips"
}