{
  "builtin_entity_scope": [],
  "config": {
    "unit_name": "tfidf_vectorizer",
    "use_stemming": false,
    "word_clusters_name": null
  },
  "language_code": "en",
  "vectorizer": {
    "idf_diag": [
      3.0232018233569597,
      4.697178256928631,
      4.4094961844768505,
      4.4094961844768505,
      2.751268107873318,
      3.5985659682605218,
      4.004031076368686,
      4.4094961844768505,
      4.4094961844768505,
      3.5985659682605218,
      4.4094961844768505,
      4.186352633162641,
      3.5985659682605218,
      4.697178256928631,
      3.5985659682605218,
      3.5985659682605218,
      4.697178256928631,
      4.697178256928631,
      4.697178256928631,
      1.095310179804325
    ],
    "vocab": {
      "a": 0,
      "animal": 1,
      "animals": 2,
      "blindtest": 3,
      "entityfeaturegame": 4,
      "game": 5,
      "go": 6,
      "hang": 7,
      "hangman": 8,
      "let": 9,
      "man": 10,
      "new": 11,
      "play": 12,
      "romantic": 13,
      "s": 14,
      "start": 15,
      "stranger": 16,
      "strangerthings": 17,
      "things": 18,
      "unknownword": 19
    }
  }
}